,,Kingdom,Phylum,Class,Order,Family,Genus,Species,ASV
1,ASV140,Bacteria,Actinobacteria,Actinobacteria,Bifidobacteriales,Bifidobacteriaceae,Bifidobacterium,asteroides,ASV140
2,ASV281,Bacteria,Actinobacteria,Actinobacteria,Bifidobacteriales,Bifidobacteriaceae,Bifidobacterium,asteroides,ASV281
3,ASV175,Bacteria,Actinobacteria,Actinobacteria,Bifidobacteriales,Bifidobacteriaceae,Bifidobacterium,NA,ASV175
4,ASV151,Bacteria,Actinobacteria,Actinobacteria,Bifidobacteriales,Bifidobacteriaceae,Bifidobacterium,NA,ASV151
5,ASV242,Bacteria,Actinobacteria,Actinobacteria,Bifidobacteriales,Bifidobacteriaceae,Bombiscardovia,NA,ASV242
6,ASV52,Bacteria,Actinobacteria,Actinobacteria,Bifidobacteriales,Bifidobacteriaceae,Bombiscardovia,NA,ASV52
7,ASV207,Bacteria,Actinobacteria,Actinobacteria,Bifidobacteriales,Bifidobacteriaceae,Bombiscardovia,NA,ASV207
8,ASV227,Bacteria,Actinobacteria,Actinobacteria,Bifidobacteriales,Bifidobacteriaceae,Bifidobacterium,commune,ASV227
9,ASV67,Bacteria,Actinobacteria,Actinobacteria,Bifidobacteriales,Bifidobacteriaceae,Bifidobacterium,NA,ASV67
10,ASV168,Bacteria,Actinobacteria,Actinobacteria,Bifidobacteriales,Bifidobacteriaceae,Bifidobacterium,NA,ASV168
11,ASV265,Bacteria,Actinobacteria,Actinobacteria,Bifidobacteriales,Bifidobacteriaceae,Bifidobacterium,NA,ASV265
12,ASV189,Bacteria,Actinobacteria,Actinobacteria,Bifidobacteriales,Bifidobacteriaceae,Bifidobacterium,NA,ASV189
13,ASV165,Bacteria,Actinobacteria,Actinobacteria,Actinomycetales,Propionibacteriaceae,Propionibacterium,acnes,ASV165
14,ASV232,Bacteria,Bacteroidetes,NA,NA,NA,NA,NA,ASV232
15,ASV260,Bacteria,Bacteroidetes,Flavobacteriia,Flavobacteriales,Flavobacteriaceae,Chryseobacterium,NA,ASV260
16,ASV64,Bacteria,Bacteroidetes,Flavobacteriia,Flavobacteriales,Flavobacteriaceae,NA,NA,ASV64
17,ASV82,Bacteria,Bacteroidetes,Flavobacteriia,Flavobacteriales,Flavobacteriaceae,NA,NA,ASV82
18,ASV125,Bacteria,Bacteroidetes,Flavobacteriia,Flavobacteriales,Flavobacteriaceae,NA,NA,ASV125
19,ASV42,Bacteria,Bacteroidetes,Flavobacteriia,Flavobacteriales,Flavobacteriaceae,NA,NA,ASV42
20,ASV25,Bacteria,Bacteroidetes,Flavobacteriia,Flavobacteriales,Flavobacteriaceae,NA,NA,ASV25
21,ASV65,Bacteria,Bacteroidetes,Flavobacteriia,Flavobacteriales,Flavobacteriaceae,NA,NA,ASV65
22,ASV181,Bacteria,Firmicutes,Bacilli,Lactobacillales,Streptococcaceae,Lactococcus,NA,ASV181
23,ASV270,Bacteria,Firmicutes,Bacilli,Lactobacillales,Streptococcaceae,Lactococcus,NA,ASV270
24,ASV252,Bacteria,Firmicutes,Bacilli,Lactobacillales,Lactobacillaceae,Lactobacillus,NA,ASV252
25,ASV102,Bacteria,Firmicutes,Bacilli,Lactobacillales,Leuconostocaceae,Fructobacillus,NA,ASV102
26,ASV54,Bacteria,Firmicutes,Bacilli,Lactobacillales,Leuconostocaceae,Fructobacillus,fructosus,ASV54
27,ASV235,Bacteria,Firmicutes,Bacilli,Lactobacillales,Leuconostocaceae,Leuconostoc,NA,ASV235
28,ASV244,Bacteria,Firmicutes,Bacilli,Lactobacillales,Leuconostocaceae,Leuconostoc,NA,ASV244
29,ASV110,Bacteria,Firmicutes,Bacilli,Lactobacillales,Leuconostocaceae,Fructobacillus,NA,ASV110
30,ASV218,Bacteria,Firmicutes,Bacilli,Lactobacillales,Leuconostocaceae,Leuconostoc,NA,ASV218
31,ASV75,Bacteria,Firmicutes,Bacilli,Lactobacillales,Leuconostocaceae,Leuconostoc,NA,ASV75
32,ASV11,Bacteria,Firmicutes,Bacilli,Lactobacillales,Leuconostocaceae,Fructobacillus,tropaeoli,ASV11
33,ASV84,Bacteria,Firmicutes,Bacilli,Lactobacillales,Leuconostocaceae,Fructobacillus,NA,ASV84
34,ASV148,Bacteria,Firmicutes,Bacilli,Lactobacillales,Leuconostocaceae,Fructobacillus,NA,ASV148
35,ASV205,Bacteria,Firmicutes,Bacilli,Lactobacillales,Leuconostocaceae,Fructobacillus,NA,ASV205
36,ASV152,Bacteria,Firmicutes,Bacilli,Lactobacillales,Leuconostocaceae,Fructobacillus,NA,ASV152
37,ASV199,Bacteria,Firmicutes,Bacilli,Lactobacillales,Leuconostocaceae,Fructobacillus,NA,ASV199
38,ASV12,Bacteria,Firmicutes,Bacilli,Lactobacillales,Lactobacillaceae,Lactobacillus,bombicola,ASV12
39,ASV208,Bacteria,Firmicutes,Bacilli,Lactobacillales,Lactobacillaceae,Lactobacillus,NA,ASV208
40,ASV149,Bacteria,Firmicutes,Bacilli,Lactobacillales,Lactobacillaceae,Lactobacillus,NA,ASV149
41,ASV56,Bacteria,Firmicutes,Bacilli,Lactobacillales,Lactobacillaceae,Lactobacillus,helsingborgensis,ASV56
42,ASV238,Bacteria,Firmicutes,Bacilli,Lactobacillales,Lactobacillaceae,Lactobacillus,NA,ASV238
43,ASV26,Bacteria,Firmicutes,Bacilli,Lactobacillales,Lactobacillaceae,Lactobacillus,melliventris,ASV26
44,ASV111,Bacteria,Firmicutes,Bacilli,Lactobacillales,Lactobacillaceae,Lactobacillus,NA,ASV111
45,ASV23,Bacteria,Firmicutes,Bacilli,Lactobacillales,Lactobacillaceae,Lactobacillus,NA,ASV23
46,ASV212,Bacteria,Firmicutes,Bacilli,Lactobacillales,Lactobacillaceae,Lactobacillus,NA,ASV212
47,ASV6,Bacteria,Firmicutes,Bacilli,Lactobacillales,Lactobacillaceae,Lactobacillus,apis,ASV6
48,ASV268,Bacteria,Firmicutes,Bacilli,Lactobacillales,Lactobacillaceae,Lactobacillus,NA,ASV268
49,ASV245,Bacteria,Firmicutes,Bacilli,Lactobacillales,Lactobacillaceae,Lactobacillus,NA,ASV245
50,ASV176,Bacteria,Firmicutes,Bacilli,Lactobacillales,Lactobacillaceae,Lactobacillus,mellifer,ASV176
51,ASV216,Bacteria,Firmicutes,Bacilli,Lactobacillales,Lactobacillaceae,Lactobacillus,NA,ASV216
52,ASV280,Bacteria,Firmicutes,Bacilli,Lactobacillales,Lactobacillaceae,Lactobacillus,NA,ASV280
53,ASV183,Bacteria,Firmicutes,Bacilli,Lactobacillales,Lactobacillaceae,Lactobacillus,NA,ASV183
54,ASV109,Bacteria,Firmicutes,Bacilli,Lactobacillales,Lactobacillaceae,Lactobacillus,NA,ASV109
55,ASV45,Bacteria,Firmicutes,Bacilli,Lactobacillales,Lactobacillaceae,Lactobacillus,NA,ASV45
56,ASV226,Bacteria,Firmicutes,Bacilli,Lactobacillales,Lactobacillaceae,Lactobacillus,NA,ASV226
57,ASV131,Bacteria,Firmicutes,Bacilli,Lactobacillales,Lactobacillaceae,Lactobacillus,mellis,ASV131
58,ASV170,Bacteria,Firmicutes,Bacilli,Lactobacillales,Lactobacillaceae,Lactobacillus,NA,ASV170
59,ASV182,Bacteria,Firmicutes,Bacilli,Lactobacillales,Lactobacillaceae,Lactobacillus,NA,ASV182
60,ASV81,Bacteria,Firmicutes,Bacilli,Lactobacillales,Lactobacillaceae,Lactobacillus,mellis,ASV81
61,ASV139,Bacteria,Firmicutes,Bacilli,Lactobacillales,Lactobacillaceae,Lactobacillus,bombi,ASV139
62,ASV90,Bacteria,Firmicutes,Bacilli,Lactobacillales,Lactobacillaceae,Lactobacillus,NA,ASV90
63,ASV251,Bacteria,Firmicutes,Bacilli,Lactobacillales,Lactobacillaceae,Lactobacillus,NA,ASV251
64,ASV201,Bacteria,Firmicutes,Bacilli,Lactobacillales,Lactobacillaceae,Lactobacillus,NA,ASV201
65,ASV83,Bacteria,Firmicutes,Bacilli,Lactobacillales,Lactobacillaceae,Lactobacillus,NA,ASV83
66,ASV163,Bacteria,Firmicutes,Bacilli,Lactobacillales,Lactobacillaceae,Lactobacillus,NA,ASV163
67,ASV262,Bacteria,Firmicutes,Bacilli,Lactobacillales,Lactobacillaceae,Lactobacillus,NA,ASV262
68,ASV178,Bacteria,Firmicutes,Bacilli,Lactobacillales,Lactobacillaceae,Lactobacillus,NA,ASV178
69,ASV267,Bacteria,Firmicutes,Bacilli,Lactobacillales,Lactobacillaceae,Lactobacillus,NA,ASV267
70,ASV10,Bacteria,Firmicutes,Bacilli,Lactobacillales,Lactobacillaceae,Lactobacillus,NA,ASV10
71,ASV18,Bacteria,Firmicutes,Bacilli,Lactobacillales,Lactobacillaceae,Lactobacillus,NA,ASV18
72,ASV135,Bacteria,Firmicutes,Bacilli,Lactobacillales,Lactobacillaceae,Lactobacillus,NA,ASV135
73,ASV134,Bacteria,Firmicutes,Bacilli,Lactobacillales,Lactobacillaceae,Lactobacillus,NA,ASV134
74,ASV116,Bacteria,Firmicutes,Bacilli,Lactobacillales,NA,NA,NA,ASV116
75,ASV19,Bacteria,Firmicutes,Bacilli,Lactobacillales,NA,NA,NA,ASV19
76,ASV206,Bacteria,Firmicutes,Bacilli,Lactobacillales,NA,NA,NA,ASV206
77,ASV283,Bacteria,Proteobacteria,Alphaproteobacteria,NA,NA,NA,NA,ASV283
78,ASV272,Bacteria,Proteobacteria,Alphaproteobacteria,Rhodospirillales,NA,NA,NA,ASV272
79,ASV282,Bacteria,Proteobacteria,Betaproteobacteria,Neisseriales,Neisseriaceae,Snodgrassella,NA,ASV282
80,ASV85,Bacteria,Proteobacteria,Alphaproteobacteria,Rhizobiales,Rhizobiaceae,Rhizobium,NA,ASV85
81,ASV155,Bacteria,Proteobacteria,Alphaproteobacteria,Rhizobiales,Rhizobiaceae,NA,NA,ASV155
82,ASV31,Bacteria,Proteobacteria,Alphaproteobacteria,Rhizobiales,Rhizobiaceae,Rhizobium,NA,ASV31
83,ASV246,Bacteria,Proteobacteria,Alphaproteobacteria,Rhizobiales,Rhizobiaceae,Rhizobium,NA,ASV246
84,ASV141,Bacteria,Proteobacteria,Alphaproteobacteria,Rhizobiales,Rhizobiaceae,Rhizobium,NA,ASV141
85,ASV211,Bacteria,Proteobacteria,Alphaproteobacteria,Rhizobiales,Bartonellaceae,Bartonella,NA,ASV211
86,ASV277,Bacteria,Proteobacteria,Alphaproteobacteria,Rhodospirillales,Acetobacteraceae,Saccharibacter,NA,ASV277
87,ASV74,Bacteria,Proteobacteria,Alphaproteobacteria,Rhodospirillales,Acetobacteraceae,Gluconobacter,NA,ASV74
88,ASV247,Bacteria,Proteobacteria,Alphaproteobacteria,Rhodospirillales,Acetobacteraceae,Neokomagataea,NA,ASV247
89,ASV174,Bacteria,Proteobacteria,Alphaproteobacteria,Rhodospirillales,Acetobacteraceae,Neokomagataea,NA,ASV174
90,ASV217,Bacteria,Proteobacteria,Alphaproteobacteria,Rhodospirillales,Acetobacteraceae,Neokomagataea,NA,ASV217
91,ASV194,Bacteria,Proteobacteria,Alphaproteobacteria,Rhodospirillales,Acetobacteraceae,NA,NA,ASV194
92,ASV33,Bacteria,Proteobacteria,Alphaproteobacteria,Rhodospirillales,Acetobacteraceae,NA,NA,ASV33
93,ASV191,Bacteria,Proteobacteria,Alphaproteobacteria,Rhodospirillales,Acetobacteraceae,NA,NA,ASV191
94,ASV237,Bacteria,Proteobacteria,Alphaproteobacteria,Rhodospirillales,Acetobacteraceae,NA,NA,ASV237
95,ASV77,Bacteria,Proteobacteria,Alphaproteobacteria,Rhodospirillales,Acetobacteraceae,NA,NA,ASV77
96,ASV128,Bacteria,Proteobacteria,Alphaproteobacteria,Rhodospirillales,Acetobacteraceae,NA,NA,ASV128
97,ASV215,Bacteria,Proteobacteria,Alphaproteobacteria,Rhodospirillales,Acetobacteraceae,NA,NA,ASV215
98,ASV80,Bacteria,Proteobacteria,Alphaproteobacteria,Rhodospirillales,Acetobacteraceae,Kozakia,NA,ASV80
99,ASV220,Bacteria,Proteobacteria,Alphaproteobacteria,Rhodospirillales,Acetobacteraceae,NA,NA,ASV220
100,ASV241,Bacteria,Proteobacteria,Alphaproteobacteria,Rhodospirillales,Acetobacteraceae,NA,NA,ASV241
101,ASV78,Bacteria,Proteobacteria,Alphaproteobacteria,Rhodospirillales,Acetobacteraceae,NA,NA,ASV78
102,ASV28,Bacteria,Proteobacteria,Alphaproteobacteria,Rhodospirillales,Acetobacteraceae,NA,NA,ASV28
103,ASV209,Bacteria,Proteobacteria,Alphaproteobacteria,Rhodospirillales,Acetobacteraceae,NA,NA,ASV209
104,ASV137,Bacteria,Proteobacteria,Alphaproteobacteria,Rhodospirillales,Acetobacteraceae,NA,NA,ASV137
105,ASV143,Bacteria,Proteobacteria,Alphaproteobacteria,Rhodospirillales,Acetobacteraceae,Asaia,NA,ASV143
106,ASV30,Bacteria,Proteobacteria,Alphaproteobacteria,Rhodospirillales,Acetobacteraceae,Asaia,NA,ASV30
107,ASV34,Bacteria,Proteobacteria,Alphaproteobacteria,Rhodospirillales,Acetobacteraceae,Asaia,NA,ASV34
108,ASV264,Bacteria,Proteobacteria,Alphaproteobacteria,Rhodospirillales,Acetobacteraceae,Asaia,NA,ASV264
109,ASV177,Bacteria,Proteobacteria,Alphaproteobacteria,Rhodospirillales,Acetobacteraceae,NA,NA,ASV177
110,ASV169,Bacteria,Proteobacteria,Alphaproteobacteria,Rhodospirillales,Acetobacteraceae,Bombella,NA,ASV169
111,ASV173,Bacteria,Proteobacteria,Alphaproteobacteria,Rhodospirillales,Acetobacteraceae,Bombella,NA,ASV173
112,ASV239,Bacteria,Proteobacteria,Alphaproteobacteria,Rhodospirillales,Acetobacteraceae,Bombella,NA,ASV239
113,ASV70,Bacteria,Proteobacteria,Alphaproteobacteria,Rhodospirillales,Acetobacteraceae,Bombella,NA,ASV70
114,ASV254,Bacteria,Proteobacteria,Alphaproteobacteria,Rhodospirillales,Acetobacteraceae,Bombella,NA,ASV254
115,ASV27,Bacteria,Proteobacteria,Alphaproteobacteria,Rhodospirillales,Acetobacteraceae,Bombella,intestini,ASV27
116,ASV233,Bacteria,Proteobacteria,Alphaproteobacteria,Rhodospirillales,Acetobacteraceae,Bombella,NA,ASV233
117,ASV221,Bacteria,Proteobacteria,Alphaproteobacteria,Rhodospirillales,Acetobacteraceae,Saccharibacter,NA,ASV221
118,ASV16,Bacteria,Proteobacteria,Alphaproteobacteria,Rhodospirillales,Acetobacteraceae,Saccharibacter,NA,ASV16
119,ASV132,Bacteria,Proteobacteria,Alphaproteobacteria,Rhodospirillales,Acetobacteraceae,Saccharibacter,NA,ASV132
120,ASV257,Bacteria,Proteobacteria,Alphaproteobacteria,Rhodospirillales,Acetobacteraceae,Saccharibacter,NA,ASV257
121,ASV57,Bacteria,Proteobacteria,Alphaproteobacteria,Rhodospirillales,Acetobacteraceae,Saccharibacter,NA,ASV57
122,ASV185,Bacteria,Proteobacteria,Alphaproteobacteria,Rhodospirillales,Acetobacteraceae,Saccharibacter,NA,ASV185
123,ASV9,Bacteria,Proteobacteria,Alphaproteobacteria,Rhodospirillales,Acetobacteraceae,Saccharibacter,floricola,ASV9
124,ASV117,Bacteria,Proteobacteria,Alphaproteobacteria,Rhodospirillales,Acetobacteraceae,Saccharibacter,NA,ASV117
125,ASV256,Bacteria,Proteobacteria,Gammaproteobacteria,NA,NA,NA,NA,ASV256
126,ASV162,Bacteria,Proteobacteria,Gammaproteobacteria,NA,NA,NA,NA,ASV162
127,ASV222,Bacteria,Proteobacteria,Gammaproteobacteria,Pseudomonadales,Pseudomonadaceae,NA,NA,ASV222
128,ASV2,Bacteria,Proteobacteria,Gammaproteobacteria,NA,NA,NA,NA,ASV2
129,ASV86,Bacteria,Proteobacteria,Gammaproteobacteria,NA,NA,NA,NA,ASV86
130,ASV114,Bacteria,Proteobacteria,Gammaproteobacteria,Oceanospirillales,Halomonadaceae,Zymobacter,NA,ASV114
131,ASV202,Bacteria,Proteobacteria,Gammaproteobacteria,Oceanospirillales,Halomonadaceae,Zymobacter,NA,ASV202
132,ASV124,Bacteria,Proteobacteria,Gammaproteobacteria,Oceanospirillales,Halomonadaceae,Zymobacter,NA,ASV124
133,ASV38,Bacteria,Proteobacteria,Gammaproteobacteria,Oceanospirillales,Halomonadaceae,Zymobacter,NA,ASV38
134,ASV87,Bacteria,Proteobacteria,Gammaproteobacteria,Oceanospirillales,Halomonadaceae,Zymobacter,palmae,ASV87
135,ASV231,Bacteria,Proteobacteria,Betaproteobacteria,Neisseriales,Neisseriaceae,Snodgrassella,NA,ASV231
136,ASV35,Bacteria,Proteobacteria,Betaproteobacteria,Neisseriales,Neisseriaceae,Snodgrassella,NA,ASV35
137,ASV89,Bacteria,Proteobacteria,Betaproteobacteria,Neisseriales,Neisseriaceae,Snodgrassella,NA,ASV89
138,ASV41,Bacteria,Proteobacteria,Betaproteobacteria,Neisseriales,Neisseriaceae,Snodgrassella,NA,ASV41
139,ASV122,Bacteria,Proteobacteria,Betaproteobacteria,Neisseriales,Neisseriaceae,Snodgrassella,NA,ASV122
140,ASV127,Bacteria,Proteobacteria,Betaproteobacteria,Neisseriales,Neisseriaceae,Snodgrassella,NA,ASV127
141,ASV150,Bacteria,Proteobacteria,Betaproteobacteria,Neisseriales,Neisseriaceae,Snodgrassella,NA,ASV150
142,ASV5,Bacteria,Proteobacteria,Betaproteobacteria,Neisseriales,Neisseriaceae,Snodgrassella,alvi,ASV5
143,ASV146,Bacteria,Proteobacteria,Betaproteobacteria,Neisseriales,Neisseriaceae,Snodgrassella,NA,ASV146
144,ASV4,Bacteria,Proteobacteria,Betaproteobacteria,Neisseriales,Neisseriaceae,Snodgrassella,alvi,ASV4
145,ASV44,Bacteria,Proteobacteria,Betaproteobacteria,Neisseriales,Neisseriaceae,Snodgrassella,alvi,ASV44
146,ASV171,Bacteria,Proteobacteria,Betaproteobacteria,Neisseriales,Neisseriaceae,Snodgrassella,NA,ASV171
147,ASV3,Bacteria,Proteobacteria,Betaproteobacteria,Neisseriales,Neisseriaceae,Snodgrassella,alvi,ASV3
148,ASV40,Bacteria,Proteobacteria,Betaproteobacteria,Neisseriales,Neisseriaceae,Snodgrassella,NA,ASV40
149,ASV53,Bacteria,Proteobacteria,Betaproteobacteria,Neisseriales,Neisseriaceae,Snodgrassella,alvi,ASV53
150,ASV156,Bacteria,Proteobacteria,Betaproteobacteria,Neisseriales,Neisseriaceae,Snodgrassella,NA,ASV156
151,ASV200,Bacteria,Proteobacteria,Betaproteobacteria,Neisseriales,Neisseriaceae,Snodgrassella,NA,ASV200
152,ASV153,Bacteria,Proteobacteria,Betaproteobacteria,Burkholderiales,Alcaligenaceae,Bordetella,NA,ASV153
153,ASV147,Bacteria,Proteobacteria,Gammaproteobacteria,Pseudomonadales,Moraxellaceae,Acinetobacter,NA,ASV147
154,ASV93,Bacteria,Proteobacteria,Gammaproteobacteria,Pseudomonadales,Moraxellaceae,Acinetobacter,NA,ASV93
155,ASV29,Bacteria,Proteobacteria,Gammaproteobacteria,Pseudomonadales,Moraxellaceae,Acinetobacter,NA,ASV29
156,ASV68,Bacteria,Proteobacteria,Gammaproteobacteria,Pseudomonadales,Moraxellaceae,Acinetobacter,nectaris,ASV68
157,ASV279,Bacteria,Proteobacteria,Gammaproteobacteria,NA,NA,NA,NA,ASV279
158,ASV172,Bacteria,Proteobacteria,Gammaproteobacteria,Enterobacteriales,Enterobacteriaceae,NA,NA,ASV172
159,ASV15,Bacteria,Proteobacteria,Gammaproteobacteria,Enterobacteriales,Enterobacteriaceae,Lonsdalea,quercina,ASV15
160,ASV223,Bacteria,Proteobacteria,Gammaproteobacteria,Enterobacteriales,Enterobacteriaceae,Lonsdalea,NA,ASV223
161,ASV129,Bacteria,Proteobacteria,Gammaproteobacteria,Enterobacteriales,Enterobacteriaceae,Serratia,NA,ASV129
162,ASV126,Bacteria,Proteobacteria,Gammaproteobacteria,Enterobacteriales,Enterobacteriaceae,Hafnia,alvei,ASV126
163,ASV263,Bacteria,Proteobacteria,Gammaproteobacteria,Enterobacteriales,Enterobacteriaceae,Hafnia,NA,ASV263
164,ASV193,Bacteria,Proteobacteria,Gammaproteobacteria,Enterobacteriales,Enterobacteriaceae,Lonsdalea,NA,ASV193
165,ASV203,Bacteria,Proteobacteria,Gammaproteobacteria,Enterobacteriales,Enterobacteriaceae,NA,NA,ASV203
166,ASV97,Bacteria,Proteobacteria,Gammaproteobacteria,Enterobacteriales,Enterobacteriaceae,Yersinia,NA,ASV97
167,ASV196,Bacteria,Proteobacteria,Gammaproteobacteria,Enterobacteriales,Enterobacteriaceae,Serratia,NA,ASV196
168,ASV51,Bacteria,Proteobacteria,Gammaproteobacteria,Enterobacteriales,Enterobacteriaceae,Gibbsiella,NA,ASV51
169,ASV120,Bacteria,Proteobacteria,Gammaproteobacteria,Enterobacteriales,Enterobacteriaceae,Sodalis,NA,ASV120
170,ASV62,Bacteria,Proteobacteria,Gammaproteobacteria,Enterobacteriales,Enterobacteriaceae,Sodalis,NA,ASV62
171,ASV106,Bacteria,Proteobacteria,Gammaproteobacteria,Enterobacteriales,Enterobacteriaceae,Sodalis,NA,ASV106
172,ASV119,Bacteria,Proteobacteria,Gammaproteobacteria,Enterobacteriales,Enterobacteriaceae,Sodalis,NA,ASV119
173,ASV229,Bacteria,Proteobacteria,Gammaproteobacteria,Enterobacteriales,Enterobacteriaceae,NA,NA,ASV229
174,ASV224,Bacteria,Proteobacteria,Gammaproteobacteria,Enterobacteriales,Enterobacteriaceae,NA,NA,ASV224
175,ASV20,Bacteria,Proteobacteria,Gammaproteobacteria,Enterobacteriales,Enterobacteriaceae,Enterobacter,NA,ASV20
176,ASV47,Bacteria,Proteobacteria,Gammaproteobacteria,Enterobacteriales,Enterobacteriaceae,Buttiauxella,NA,ASV47
177,ASV136,Bacteria,Proteobacteria,Gammaproteobacteria,Enterobacteriales,Enterobacteriaceae,Enterobacter,NA,ASV136
178,ASV145,Bacteria,Proteobacteria,Gammaproteobacteria,Enterobacteriales,Enterobacteriaceae,NA,NA,ASV145
179,ASV243,Bacteria,Proteobacteria,Gammaproteobacteria,Enterobacteriales,Enterobacteriaceae,Kluyvera,ascorbata,ASV243
180,ASV66,Bacteria,Proteobacteria,Gammaproteobacteria,Enterobacteriales,Enterobacteriaceae,NA,NA,ASV66
181,ASV157,Bacteria,Proteobacteria,Gammaproteobacteria,Enterobacteriales,Enterobacteriaceae,Klebsiella,NA,ASV157
182,ASV204,Bacteria,Proteobacteria,Gammaproteobacteria,Enterobacteriales,Enterobacteriaceae,Brenneria,NA,ASV204
183,ASV190,Bacteria,Proteobacteria,Gammaproteobacteria,Enterobacteriales,Enterobacteriaceae,NA,NA,ASV190
184,ASV249,Bacteria,Proteobacteria,Gammaproteobacteria,Enterobacteriales,Enterobacteriaceae,NA,NA,ASV249
185,ASV213,Bacteria,Proteobacteria,Gammaproteobacteria,Enterobacteriales,Enterobacteriaceae,NA,NA,ASV213
186,ASV46,Bacteria,Proteobacteria,Gammaproteobacteria,Enterobacteriales,Enterobacteriaceae,Pantoea,NA,ASV46
187,ASV195,Bacteria,Proteobacteria,Gammaproteobacteria,Enterobacteriales,Enterobacteriaceae,Pantoea,NA,ASV195
188,ASV55,Bacteria,Proteobacteria,Gammaproteobacteria,Enterobacteriales,Enterobacteriaceae,NA,NA,ASV55
189,ASV121,Bacteria,Proteobacteria,Gammaproteobacteria,Enterobacteriales,Enterobacteriaceae,Raoultella,NA,ASV121
190,ASV154,Bacteria,Proteobacteria,Gammaproteobacteria,Enterobacteriales,Enterobacteriaceae,Escherichia/Shigella,NA,ASV154
191,ASV50,Bacteria,Proteobacteria,Gammaproteobacteria,Enterobacteriales,Enterobacteriaceae,Pluralibacter,NA,ASV50
192,ASV166,Bacteria,Proteobacteria,Gammaproteobacteria,Enterobacteriales,Enterobacteriaceae,Pluralibacter,NA,ASV166
193,ASV261,Bacteria,Proteobacteria,Gammaproteobacteria,Enterobacteriales,Enterobacteriaceae,NA,NA,ASV261
194,ASV214,Bacteria,Proteobacteria,Gammaproteobacteria,Enterobacteriales,Enterobacteriaceae,Raoultella,NA,ASV214
195,ASV230,Bacteria,Proteobacteria,Gammaproteobacteria,Enterobacteriales,Enterobacteriaceae,NA,NA,ASV230
196,ASV164,Bacteria,Proteobacteria,Gammaproteobacteria,Orbales,Orbaceae,Gilliamella,NA,ASV164
197,ASV240,Bacteria,Proteobacteria,Gammaproteobacteria,Orbales,Orbaceae,Gilliamella,NA,ASV240
198,ASV266,Bacteria,Proteobacteria,Gammaproteobacteria,Orbales,Orbaceae,Gilliamella,NA,ASV266
199,ASV88,Bacteria,Proteobacteria,Gammaproteobacteria,Orbales,Orbaceae,Gilliamella,NA,ASV88
200,ASV63,Bacteria,Proteobacteria,Gammaproteobacteria,Orbales,Orbaceae,Gilliamella,NA,ASV63
201,ASV58,Bacteria,Proteobacteria,Gammaproteobacteria,Orbales,Orbaceae,Gilliamella,NA,ASV58
202,ASV103,Bacteria,Proteobacteria,Gammaproteobacteria,Orbales,Orbaceae,Gilliamella,NA,ASV103
203,ASV17,Bacteria,Proteobacteria,Gammaproteobacteria,Orbales,Orbaceae,Gilliamella,NA,ASV17
204,ASV234,Bacteria,Proteobacteria,Gammaproteobacteria,Orbales,Orbaceae,Gilliamella,NA,ASV234
205,ASV48,Bacteria,Proteobacteria,Gammaproteobacteria,Orbales,Orbaceae,Gilliamella,NA,ASV48
206,ASV24,Bacteria,Proteobacteria,Gammaproteobacteria,Orbales,Orbaceae,Frischella,NA,ASV24
207,ASV107,Bacteria,Proteobacteria,Gammaproteobacteria,Orbales,Orbaceae,Frischella,NA,ASV107
208,ASV22,Bacteria,Proteobacteria,Gammaproteobacteria,Orbales,Orbaceae,Frischella,perrara,ASV22
209,ASV219,Bacteria,Proteobacteria,Gammaproteobacteria,Orbales,Orbaceae,Frischella,NA,ASV219
210,ASV69,Bacteria,Proteobacteria,Gammaproteobacteria,Orbales,Orbaceae,Frischella,NA,ASV69
211,ASV72,Bacteria,Proteobacteria,Gammaproteobacteria,Orbales,Orbaceae,Frischella,NA,ASV72
212,ASV112,Bacteria,Proteobacteria,Gammaproteobacteria,Orbales,Orbaceae,Frischella,NA,ASV112
213,ASV99,Bacteria,Proteobacteria,Gammaproteobacteria,Orbales,Orbaceae,Frischella,NA,ASV99
214,ASV167,Bacteria,Proteobacteria,Gammaproteobacteria,Orbales,Orbaceae,Frischella,NA,ASV167
215,ASV79,Bacteria,Proteobacteria,Gammaproteobacteria,Orbales,Orbaceae,Frischella,NA,ASV79
216,ASV108,Bacteria,Proteobacteria,Gammaproteobacteria,Orbales,Orbaceae,Orbus,NA,ASV108
217,ASV8,Bacteria,Proteobacteria,Gammaproteobacteria,Orbales,Orbaceae,Orbus,NA,ASV8
218,ASV94,Bacteria,Proteobacteria,Gammaproteobacteria,Orbales,Orbaceae,Orbus,NA,ASV94
219,ASV95,Bacteria,Proteobacteria,Gammaproteobacteria,Orbales,Orbaceae,Orbus,NA,ASV95
220,ASV142,Bacteria,Proteobacteria,Gammaproteobacteria,Orbales,Orbaceae,Orbus,NA,ASV142
221,ASV187,Bacteria,Proteobacteria,Gammaproteobacteria,Orbales,Orbaceae,Gilliamella,NA,ASV187
222,ASV13,Bacteria,Proteobacteria,Gammaproteobacteria,Orbales,Orbaceae,Gilliamella,apicola,ASV13
223,ASV92,Bacteria,Proteobacteria,Gammaproteobacteria,Orbales,Orbaceae,Gilliamella,NA,ASV92
224,ASV71,Bacteria,Proteobacteria,Gammaproteobacteria,Orbales,Orbaceae,Gilliamella,NA,ASV71
225,ASV43,Bacteria,Proteobacteria,Gammaproteobacteria,Orbales,Orbaceae,Gilliamella,apicola,ASV43
226,ASV192,Bacteria,Proteobacteria,Gammaproteobacteria,Orbales,Orbaceae,Gilliamella,NA,ASV192
227,ASV7,Bacteria,Proteobacteria,Gammaproteobacteria,Orbales,Orbaceae,Gilliamella,apicola,ASV7
228,ASV186,Bacteria,Proteobacteria,Gammaproteobacteria,Orbales,Orbaceae,Gilliamella,NA,ASV186
229,ASV98,Bacteria,Proteobacteria,Gammaproteobacteria,Orbales,Orbaceae,Gilliamella,NA,ASV98
230,ASV1,Bacteria,Proteobacteria,Gammaproteobacteria,Orbales,Orbaceae,Gilliamella,apicola,ASV1
231,ASV100,Bacteria,Proteobacteria,Gammaproteobacteria,Orbales,Orbaceae,Gilliamella,NA,ASV100
232,ASV133,Bacteria,Proteobacteria,Gammaproteobacteria,Orbales,Orbaceae,Gilliamella,NA,ASV133
233,ASV60,Bacteria,Proteobacteria,Gammaproteobacteria,Orbales,Orbaceae,Gilliamella,NA,ASV60
