"","Row.names","X.2","X.1","X","Sample","Location","CollectionDate","Species","Caste","iTru5tag","i5tag","iTru7tag","i7tag","X1stRoundPCR","Success1","X2ndRoundPCR","Success2","X1stRoundPCRcleanup","X2ndRoundPCR2ndtime","Success3","Qubitof2ndPCR1ngul","Qubitof2ndPCR2ngul","PD","SR","sample_sums.bee_data.","Notes","PD_R","SR_R","SampleID","Sterilized","DNAextracted","A.PCRNosema","A.PCRWolbachia","A.PCRCrithidia","B.PCRNosema","B.PCRWolbachia","B.PCRCrithidia","C.PCRNosema","C.PCRCrithidia","C.Roundall","Sequencing","NosemaSeq","TrypansomeSeq","WolbachiaSeq","NosemaPCR","CrithidiaPCR","SampleID2","FALSE.","InfSeq","NosSeq","TrypSeq","InfSeqType"
"1","bumble1",1,1,1,1,"C.I. ","7.18.2018","Bombusbimaculatus","Male","A1","AACAACCG","A1","CTCGTCTT","x","x","10.11.2019","repeat","10.3.2019","x","x",10.6,2.08,1.412054077,18,1940,NA,1.302182902,18,"bumble1","Y","Y","-","-","-","-","-","Y","N","Y","crithidia","C.bombi","none","Cbombi",NA,"N","Y","bumble1",TRUE,"Y","N","Y","Trypansome"
"2","bumble10",2,2,10,10,"C.I. ","7.18.2018","Bombusimpatiens","Male","B8","GATCTCAG","A10","TGGCACTA","x","x","10.11.2019","x","10.3.2019",NA,NA,29.6,NA,1.357504189,9,1617,NA,1.353248371,10,"bumble10","Y","Y","-","-","-","-","-","Y","N","N","-","","none","none",NA,"N","N","bumble10",TRUE,"N","N","N","None"
"3","bumble11",3,4,11,11,"C.I. ","7.18.2018","Bombusimpatiens","Male","C8","AGATTGCG","A11","GGTTGTCA","x","x","10.11.2019","repeat","10.11.2019","x","failed",4.32,0.496,1.984864494,18,3279,NA,1.280735968,11,"bumble11","Y","Y","-","-","-","-","-","-","N","N","","","none","none",NA,"N","N","bumble11",TRUE,"N","N","N","None"
"4","bumble111",4,6,107,111,"B.F.","6.16.2019","Bombusimpatiens","Worker","C8","AGATTGCG","H3","TTGCAGAC","x","x","10.18.2019","q","10.11.2019",NA,NA,3.86,NA,1.533946948,15,1349,NA,0.866165664,12,"bumble111","Y","Y","-","-","Y","-","-","Y","N","N","","C.bombi","none","Cbombi",NA,"N","Y","bumble111",TRUE,"Y","N","Y","Trypansome"
"5","bumble112",5,7,108,112,"B.F.","6.16.2019","Bombusimpatiens","Worker","D8","GAGCAATC","H4","TGCCATTC","x","x","10.18.2019","q","10.11.2019",NA,NA,1.82,NA,1.377382598,13,694,NA,0.738486331,10,"bumble112","Y","Y","Y","-","Y","-","-","Y","Y","N","Nosema","N.cerenae_Cbombi","Ncerenae","Cbombi",NA,"Y","Y","bumble112",TRUE,"Y","Y","Y","Multi"
"6","bumble113",6,8,109,113,"B.F.","6.16.2019","Bombusimpatiens","Worker","E1","AACAGTCC","H5","GATGTGTG","x","x","10.18.2019","q","10.10.2019",NA,NA,1.76,NA,1.500157093,7,1250,NA,0.834940492,4,"bumble113","Y","Y","-","-","Y","-","-","Y","N","N","","C.bombi","none","Cbombi",NA,"N","Y","bumble113",TRUE,"Y","N","Y","Trypansome"
"7","bumble114",7,9,110,114,"B.F.","6.16.2019","Bombusimpatiens","Worker","F1","TTGGACTG","H6","ACTCTCGA","x","x","10.18.2019","q","10.10.2019",NA,NA,2.24,NA,1.618280001,11,1070,NA,0.955649735,9,"bumble114","Y","Y","-","-","Y","-","-","Y","N","N","","C.bombi","none","Cbombi",NA,"N","Y","bumble114",TRUE,"Y","N","Y","Trypansome"
"8","bumble116",8,11,112,116,"B.F.","6.16.2019","Bombusimpatiens","Worker","H1","TGGAAGCA","H8","CAACACCT","x","x","10.18.2019","x","10.10.2019",NA,NA,2.26,NA,1.536993987,13,1541,NA,0.858808672,9,"bumble116","Y","Y","-","-","Y","-","-","Y","N","N","","C.bombi","none","Cbombi",NA,"N","Y","bumble116",TRUE,"Y","N","Y","Trypansome"
"9","bumble117",9,12,113,117,"B.F.","6.16.2019","Bombusimpatiens","Worker","A1","AACAACCG","H9","CAGTCTTC","x","x","10.18.2019","x","10.10.2019",NA,NA,2.08,NA,1.697607831,13,1705,NA,1.006487987,8,"bumble117","Y","Y","-","-","Y","-","-","Y","N","N","","C.bombi","none","Cbombi",NA,"N","Y","bumble117",TRUE,"Y","N","Y","Trypansome"
"10","bumble118",10,13,114,118,"B.F.","6.16.2019","Bombusimpatiens","Worker","B1","GGTTGGTA","H10","GGACTGTT","x","x","10.18.2019","x","10.11.2019",NA,NA,1.29,NA,1.637618016,15,1139,NA,0.969836737,13,"bumble118","Y","Y","-","-","Y","-","-","Y","N","N","","-","none","none",NA,"N","Y","bumble118",TRUE,"N","N","N","None"
"11","bumble119",11,14,115,119,"B.F.","6.16.2019","Bombusimpatiens","Worker","C1","AACAGCGA","H11","CTTAGTGG","x","x","10.18.2019","x","10.11.2019",NA,NA,1.77,NA,1.711186979,12,894,NA,1.033001664,8,"bumble119","Y","Y","-","-","Y","-","-","Y","N","N","","C.bombi","none","Cbombi",NA,"N","Y","bumble119",TRUE,"Y","N","Y","Trypansome"
"12","bumble12",12,15,12,12,"C.I. ","7.18.2018","Bombusgriseocollis","Worker","D8","GAGCAATC","A12","AACCTCCT","x","x","10.11.2019","x","10.3.2019",NA,NA,0.558,NA,3.615726026,13,10929,NA,1.181716517,10,"bumble12","Y","Y","-","-","Y","-","-","Y","N","N","","C.bombi","none","Cbombi",NA,"N","Y","bumble12",TRUE,"Y","N","Y","Trypansome"
"13","bumble120",13,16,116,120,"B.F.","6.16.2019","Bombusimpatiens","Worker","D1","GGTTAGCT","H12","ATTGCGTG","x","x","10.18.2019","x","10.11.2019",NA,NA,0.802,NA,1.802233346,16,1037,NA,1.16298515,14,"bumble120","Y","Y","-","-","Y","-","-","Y","N","N","","-","none","none",NA,"N","Y","bumble120",TRUE,"N","N","N","None"
"14","bumble121",14,17,117,121,"B.F.","6.16.2019","Bombusgriseocollis","Worker","E12","AGTGCATC","A12","AACCTCCT","x","x","10.18.2019","x","10.11.2019",NA,NA,2.46,NA,1.124616262,5,2352,NA,0.459399661,2,"bumble121","Y","Y","-","-","Y","-","-","Y","N","N","","-","none","none",NA,"N","Y","bumble121",TRUE,"N","N","N","None"
"15","bumble123",15,19,119,123,"B.F.","6.16.2019","Bombusgriseocollis","Worker","G12","AGTTCGCA","A10","TGGCACTA","x","x","10.18.2019","x","10.10.2019",NA,NA,4.88,NA,1.791059089,10,950,NA,1.200631521,8,"bumble123","Y","Y","-","-","Y","-","-","Y","N","N","","C.bombi","none","Cbombi",NA,"N","Y","bumble123",TRUE,"Y","N","Y","Trypansome"
"16","bumble124",16,20,120,124,"B.F.","6.16.2019","Bombusgriseocollis","Worker","H12","TACATCGG","A9","AGTCGCTT","x","x","10.18.2019","x","10.10.2019",NA,NA,2.72,NA,1.498665059,12,1181,NA,1.066400382,10,"bumble124","Y","Y","-","-","Y","-","-","Y","N","N","","C.bombi","none","Cbombi",NA,"N","Y","bumble124",TRUE,"Y","N","Y","Trypansome"
"17","bumble126",17,21,121,126,"B.F.","6.16.2019","Bombusgriseocollis","Worker","B12","GAATCACC","A7","TATTCGCC","x","x","10.18.2019","x","10.11.2019",NA,NA,1.31,NA,3.811272727,11,1700,NA,0.875365905,6,"bumble126","Y","Y","-","-","Y","-","-","Y","N","N","","C.bombi","none","Cbombi",NA,"N","Y","bumble126",TRUE,"Y","N","Y","Trypansome"
"18","bumble129",18,22,122,129,"C.I. ","6.17.2019","Bombusimpatiens","Worker","E8","AGCCGTAA","A4","TCGGTTAC","x","x","10.18.2019","x","10.11.2019",NA,NA,2.24,NA,4.285602399,16,1375,NA,1.139658241,14,"bumble129","Y","Y","-","-","Y","-","-","Y","N","N","","C.bombi","none","Cbombi",NA,"N","Y","bumble129",TRUE,"Y","N","Y","Trypansome"
"19","bumble13",19,23,13,13,"C.I. ","7.18.2018","Bombusimpatiens","Worker","E8","AGCCGTAA","H1","ATACGACC","x","x","10.11.2019","repeat","10.3.2019","x","x",4.76,NA,1.151575304,9,1101,NA,1.151575304,9,"bumble13","Y","Y","-","-","Y","-","-","Y","N","N","","C.bombi","none","Cbombi",NA,"N","Y","bumble13",TRUE,"Y","N","Y","Trypansome"
"20","bumble130",20,24,123,130,"C.I. ","6.17.2019","Bombusimpatiens","Worker","F8","GAGGCATT","A3","CATTCGGT","x","x","10.18.2019","x","10.10.2019",NA,NA,3.58,NA,3.363648875,5,1533,NA,0.734489024,5,"bumble130","Y","Y","-","-","Y","-","-","Y","N","N","","C.bombi","none","Cbombi",NA,"N","Y","bumble130",TRUE,"Y","N","Y","Trypansome"
"21","bumble131",21,25,124,131,"C.I. ","6.17.2019","Bombusimpatiens","Worker","G8","AGCCTATC","A2","CGAACTGT","x","x","10.18.2019","x","10.10.2019",NA,NA,2.38,NA,3.249024677,10,962,NA,0.408638846,10,"bumble131","Y","Y","-","-","Y","-","-","Y","N","N","","C.bombi","none","Cbombi",NA,"N","Y","bumble131",TRUE,"Y","N","Y","Trypansome"
"22","bumble133",22,26,125,133,"C.I. ","6.17.2019","Bombusimpatiens","Worker","A8","AGATCGTC","H12","ATTGCGTG","x","x","10.18.2019","x","10.11.2019",NA,NA,1.44,NA,1.544409896,8,1558,NA,0.854352227,5,"bumble133","Y","Y","-","-","Y","-","-","Y","N","N","","C.bombi","none","Cbombi",NA,"N","Y","bumble133",TRUE,"Y","N","Y","Trypansome"
"23","bumble138",23,27,127,138,"C.I. ","6.17.2019","Bombusgriseocollis","Worker","F1","TTGGACTG","H7","GAGTCTCT","x","x","10.18.2019","x","10.10.2019",NA,NA,1.84,NA,1.478575513,6,1774,NA,0.868225573,9,"bumble138","Y","Y","-","-","Y","-","-","Y","N","N","","L.scantii","none","Lscantii",NA,"N","Y","bumble138",TRUE,"Y","N","Y","Trypansome"
"24","bumble139",24,28,128,139,"C.I. ","6.17.2019","Bombusgriseocollis","Worker","G1","AACTGAGG","H6","ACTCTCGA","x","x","10.18.2019","x","10.10.2019",NA,NA,3.82,NA,4.598860552,18,1132,NA,1.943815827,15,"bumble139","Y","Y","-","-","Y","-","-","Y","N","N","","C.bombi","none","Cbombi",NA,"N","Y","bumble139",TRUE,"Y","N","Y","Trypansome"
"25","bumble14",25,29,14,14,"C.I. ","7.18.2018","Bombusgriseocollis","Male","F8","GAGGCATT","H2","TTCCAAGG","x","x","10.11.2019","x","10.3.2019",NA,NA,10.2,1.22,0.872649357,8,2484,NA,0.913470517,9,"bumble14","Y","Y","-","-","-","-","-","-","N","N","","","none","none",NA,"N","N","bumble14",TRUE,"N","N","N","None"
"26","bumble15",26,30,15,15,"C.I. ","7.18.2018","Bombusimpatiens","Worker","G8","AGCCTATC","H3","TTGCAGAC","x","x","10.11.2019","x","10.3.2019","x","x",3.16,2.16,1.2904876,10,1372,NA,1.284930007,9,"bumble15","Y","Y","-","Y","Y","-","Y","Y","N","N","","Wolbachia_C.bombi","none","Cbombi","Wolbachia","N","Y","bumble15",TRUE,"Y","N","Y","Trypansome"
"27","bumble16",27,31,16,16,"C.I. ","7.18.2018","Bombusgriseocollis","Male","H8","GAGTAGAG","H4","TGCCATTC","x","x","10.11.2019","x","10.3.2019","x","x",2.7,1.05,0.839794331,4,1366,"switched with 2nd PCR (used 2.7)",0.842375285,5,"bumble16","Y","Y","-","-","Y","-","-","-","N","Y","crithidia","C.bombi","none","Cbombi",NA,"N","Y","bumble16",TRUE,"Y","N","Y","Trypansome"
"28","bumble17",28,32,17,17,"C.I. ","7.18.2018","Bombusperplexus","Worker","A12","AGTCTTGG","H5","GATGTGTG","x","x","10.11.2019","x","10.3.2019",NA,NA,15.4,NA,3.145666245,6,1274,NA,0.859385915,7,"bumble17","Y","Y","Y","-","Y","Y","-","Y","N","N","","C.bombi_N.bombi","Nbombi","Cbombi",NA,"Y","Y","bumble17",TRUE,"Y","Y","Y","Multi"
"29","bumble18",29,33,18,18,"C.I. ","7.18.2018","Bombusperplexus","Male","B12","GAATCACC","H6","ACTCTCGA","x","x","10.11.2019","x","10.3.2019",NA,NA,14.6,NA,3.522336386,11,2994,NA,0.79036556,8,"bumble18","Y","Y","Y","-","Y","Y","-","Y","N","N","","C.bombi_N.bombi","Nbombi","Cbombi",NA,"Y","Y","bumble18",TRUE,"Y","Y","Y","Multi"
"30","bumble20",30,35,19,20,"C.I. ","7.18.2018","Bombusgriseocollis","Male","D12","TCCATTGC","H8","CAACACCT","x","x","10.11.2019","x","10.3.2019",NA,NA,15,NA,3.560580034,8,1399,NA,1.1513736,6,"bumble20","Y","Y","-","-","Y","-","-","Y","N","N","","C.bombi","none","Cbombi",NA,"N","Y","bumble20",TRUE,"Y","N","Y","Trypansome"
"31","bumble21",31,36,20,21,"C.I. ","7.18.2018","Bombusauricomous","Worker","E12","AGTGCATC","H9","CAGTCTTC","x","x","10.11.2019","x","10.3.2019",NA,NA,9.7,NA,0.802920223,4,2308,NA,1.002542377,6,"bumble21","Y","Y","-","-","Y","-","-","Y","N","N","","C.bombi","none","Cbombi",NA,"N","Y","bumble21",TRUE,"Y","N","Y","Trypansome"
"32","bumble22",32,37,21,22,"St.Benedicts","7.19.2018","Bombusimpatiens","Male","F12","GCAATGAG","H10","GGACTGTT","x","x","10.11.2019","x","10.11.2019",NA,NA,11.7,NA,1.120021769,10,2222,NA,1.114464171,8,"bumble22","Y","Y","-","-","Y","-","-","Y","N","N","","C.bombi","none","Cbombi",NA,"N","Y","bumble22",TRUE,"Y","N","Y","Trypansome"
"33","bumble23",33,38,22,23,"St.Benedicts","7.19.2018","Bombusimpatiens","Worker","G12","AGTTCGCA","H11","CTTAGTGG","x","x","10.11.2019","x","10.3.2019",NA,NA,15.9,NA,3.505020281,11,2118,NA,1.025535107,11,"bumble23","Y","Y","-","-","Y","-","-","Y","N","N","","C.bombi","none","Cbombi",NA,"N","Y","bumble23",TRUE,"Y","N","Y","Trypansome"
"34","bumble25",34,40,24,25,"St.Benedicts","7.19.2018","Bombusimpatiens","Worker","H1","TGGAAGCA","A12","AACCTCCT","x","x","10.11.2019","x","10.3.2019",NA,NA,13.3,NA,1.214571686,10,1421,NA,1.28899583,12,"bumble25","Y","Y","-","-","Y","-","-","Y","N","N","","C.bombi","none","Cbombi",NA,"N","Y","bumble25",TRUE,"Y","N","Y","Trypansome"
"35","bumble26",35,41,25,26,"St.Benedicts","7.19.2018","Bombusgriseocollis","Male","G1","AACTGAGG","A11","GGTTGTCA","x","x","10.11.2019","x","10.3.2019",NA,NA,13,NA,1.791310682,9,2391,NA,1.211368204,6,"bumble26","Y","Y","-","-","Y","-","-","Y","N","N","","C.expoeki","none","Cexpoeki",NA,"N","Y","bumble26",TRUE,"Y","N","Y","Trypansome"
"36","bumble27",36,42,26,27,"St.Benedicts","7.19.2018","Bombusimpatiens","Worker","F1","TTGGACTG","A10","TGGCACTA","x","x","10.11.2019","x","10.3.2019",NA,NA,8.58,NA,0.799572631,8,1076,NA,1.013968065,10,"bumble27","Y","Y","-","-","-","-","-","-","N","N","","","none","none",NA,"N","N","bumble27",TRUE,"N","N","N","None"
"37","bumble28",37,43,27,28,"St.Benedicts","7.19.2018","Bombusgriseocollis","Male","E1","AACAGTCC","A9","AGTCGCTT","x","x","10.11.2019","x","10.3.2019",NA,NA,10.7,NA,3.944993966,13,2571,NA,0.776218133,8,"bumble28","Y","Y","-","-","Y","-","-","Y","N","N","","C.bombi","none","Cbombi",NA,"N","Y","bumble28",TRUE,"Y","N","Y","Trypansome"
"38","bumble30",38,45,28,30,"St.Benedicts","7.19.2018","Bombusimpatiens","Worker","C1","AACAGCGA","A7","TATTCGCC","x","x","10.11.2019","x","10.3.2019",NA,NA,5.28,NA,1.368777119,10,1861,NA,1.368777119,10,"bumble30","Y","Y","-","-","Y","-","-","Y","N","N","","C.expoeki","none","Cexpoeki",NA,"N","Y","bumble30",TRUE,"Y","N","Y","Trypansome"
"39","bumble31",39,46,29,31,"St.Benedicts","7.19.2018","Bombusimpatiens","Worker","B1","GGTTGGTA","A6","TATCGGTC","x","x","10.11.2019","x","10.11.2019",NA,NA,4.68,NA,3.67619615,11,3783,NA,0.920193239,9,"bumble31","Y","Y","-","-","Y","-","-","Y","N","N","","C.bombi","none","Cbombi",NA,"N","Y","bumble31",TRUE,"Y","N","Y","Trypansome"
"40","bumble32",40,47,30,32,"St.Benedicts","7.19.2018","Bombusgriseocollis","Worker","A1","AACAACCG","A5","AAGTCGAG","x","x","10.11.2019","x","10.3.2019",NA,NA,11.6,NA,3.721170105,7,2500,NA,1.020774526,6,"bumble32","Y","Y","-","-","Y","-","-","Y","N","N","","C.bombi","none","Cbombi",NA,"N","Y","bumble32",TRUE,"Y","N","Y","Trypansome"
"41","bumble33",41,48,31,33,"St.Benedicts","7.19.2018","Bombusauricomous","Worker","H8","GAGTAGAG","A4","TCGGTTAC","x","x","10.11.2019","x","10.3.2019",NA,NA,12,NA,0.77965146,3,1776,NA,0.3612092,2,"bumble33","Y","Y","Y","-","Y","Y","-","Y","N","N","","N.bombi_C.bombi","Nbombi","Cbombi",NA,"Y","Y","bumble33",TRUE,"Y","Y","Y","Multi"
"42","bumble34",42,49,32,34,"St.Benedicts","7.19.2018","Bombusimpatiens","Worker","G8","AGCCTATC","A3","CATTCGGT","x","x","10.11.2019","x","10.3.2019",NA,NA,12.4,NA,1.104278627,16,2119,NA,1.138680514,17,"bumble34","Y","Y","-","-","Y","-","-","Y","N","N","","C.bombi","none","Cbombi",NA,"N","Y","bumble34",TRUE,"Y","N","Y","Trypansome"
"43","bumble35",43,50,33,35,"St.Benedicts","7.19.2018","Bombusimpatiens","Worker","F8","GAGGCATT","A2","CGAACTGT","x","x","10.11.2019","x","10.11.2019",NA,NA,14,NA,1.35465478,13,2201,NA,1.058698265,14,"bumble35","Y","Y","-","-","Y","-","-","Y","N","N","","C.bombi","none","Cbombi",NA,"N","Y","bumble35",TRUE,"Y","N","Y","Trypansome"
"44","bumble36",44,51,34,36,"St.Benedicts","7.19.2018","Bombusimpatiens","Male","E8","AGCCGTAA","A1","CTCGTCTT","x","x","10.11.2019","x","10.3.2019",NA,NA,12.8,NA,3.859951032,13,2486,NA,1.22030796,12,"bumble36","Y","Y","-","-","Y","-","-","Y","N","N","","C.bombi","none","Cbombi",NA,"N","Y","bumble36",TRUE,"Y","N","Y","Trypansome"
"45","bumble37",45,52,35,37,"St.Benedicts","7.19.2018","Bombusimpatiens","Worker","D8","GAGCAATC","H12","ATTGCGTG","x","x","10.11.2019","x","10.3.2019",NA,NA,9.94,NA,3.708144754,19,2812,NA,1.514281836,21,"bumble37","Y","Y","-","-","Y","-","-","Y","N","N","","C.bombi","none","Cbombi",NA,"N","Y","bumble37",TRUE,"Y","N","Y","Trypansome"
"46","bumble38",46,53,36,38,"St.Benedicts","7.19.2018","Bombusimpatiens","Male","C8","AGATTGCG","H11","CTTAGTGG","x","x","10.11.2019","x","10.3.2019",NA,NA,10.9,NA,1.323014957,13,1940,NA,1.17900726,12,"bumble38","Y","Y","-","-","Y","-","-","Y","N","N","","L.spiculata","none","none",NA,"N","Y","bumble38",TRUE,"N","N","N","None"
"47","bumble39",47,54,37,39,"St.Benedicts","7.19.2018","Bombusbimaculatus","Worker","B8","GATCTCAG","H10","GGACTGTT","x","x","10.11.2019","repeat","10.3.2019","x","failed",3.04,2.9,1.139798602,12,1420,"Switched with 2nd PCR",1.139798602,12,"bumble39","Y","Y","-","-","Y","-","-","Y","N","N","","C.bombi","none","Cbombi",NA,"N","Y","bumble39",TRUE,"Y","N","Y","Trypansome"
"48","bumble40",48,56,38,40,"GMU","7.16.2018","Bombusgriseocollis","Worker","A8","AGATCGTC","H9","CAGTCTTC","x","x","10.11.2019","repeat","10.3.2019","x","x",3.3,1.73,4.298449444,15,2314,"Switched with 2nd PCR",1.34726242,11,"bumble40","Y","Y","-","-","Y","-","-","Y","N","N","","C.bombi","none","Cbombi",NA,"N","Y","bumble40",TRUE,"Y","N","Y","Trypansome"
"49","bumble41",49,57,39,41,"GMU","7.16.2018","Bombusfervidus","Worker","H12","TACATCGG","H8","CAACACCT","x","x","10.11.2019","x","10.3.2019",NA,NA,16.8,NA,4.344550021,11,3183,NA,0.729954377,7,"bumble41","","Y","-","-","-","-","-","-","N","N","","","none","none",NA,"N","N","bumble41",TRUE,"N","N","N","None"
"50","bumble42",50,58,40,42,"GMU","7.16.2018","Bombusimpatiens","Worker","G12","AGTTCGCA","H7","GAGTCTCT","x","x","10.11.2019","x","10.3.2019",NA,NA,12.6,NA,2.125222695,20,1194,NA,1.542491575,17,"bumble42","Y","Y","-","-","Y","-","-","Y","N","N","","C.bombi","none","Cbombi",NA,"N","Y","bumble42",TRUE,"Y","N","Y","Trypansome"
"51","bumble43",51,59,41,43,"GMU","7.16.2018","Bombusimpatiens","Worker","F12","GCAATGAG","H6","ACTCTCGA","x","x","10.11.2019","x","10.3.2019",NA,NA,13.4,NA,3.723041418,11,3156,NA,1.130769074,8,"bumble43","Y","Y","Y","-","Y","-","-","Y","N","N","","C.bombi","none","Cbombi",NA,"N","Y","bumble43",TRUE,"Y","N","Y","Trypansome"
"52","bumble44",52,60,42,44,"GMU","7.16.2018","Bombusimpatiens","Worker","E12","AGTGCATC","H5","GATGTGTG","x","x","10.11.2019","x","10.3.2019",NA,NA,9.92,NA,3.765857264,15,1245,NA,1.272305425,14,"bumble44","Y","Y","-","-","Y","-","-","Y","N","N","","C.bombi","none","Cbombi",NA,"N","Y","bumble44",TRUE,"Y","N","Y","Trypansome"
"53","bumble45",53,61,43,45,"GMU","7.16.2018","Bombusgriseocollis","Worker","D12","TCCATTGC","H4","TGCCATTC","x","x","10.11.2019","x","10.3.2019",NA,NA,11.3,NA,4.016457089,9,1738,NA,1.054659044,5,"bumble45","Y","Y","-","-","Y","-","-","Y","N","N","","C.bombi","none","Cbombi",NA,"N","Y","bumble45",TRUE,"Y","N","Y","Trypansome"
"54","bumble46",54,62,44,46,"GMU","7.16.2018","Bombusfervidus","Worker","C12","AGTGACCT","H3","TTGCAGAC","x","x","10.11.2019","x","10.3.2019",NA,NA,11.1,NA,3.771815811,8,1684,NA,0.727372634,6,"bumble46","Y","Y","-","-","Y","-","-","Y","N","N","","sequencingnogood","none","none",NA,"N","Y","bumble46",TRUE,"N","N","N","None"
"55","bumble47",55,63,45,47,"GMU","7.16.2018","Bombusimpatiens","Worker","B12","GAATCACC","H2","TTCCAAGG","x","x","10.11.2019","x","10.3.2019",NA,NA,9.58,NA,1.702463364,17,2687,NA,1.705002932,17,"bumble47","Y","Y","-","-","Y","-","-","Y","N","N","","sequencingnogood","none","none",NA,"N","Y","bumble47",TRUE,"N","N","N","None"
"56","bumble48",56,64,46,48,"GMU","7.16.2018","Bombuspensylvanicus","maybequeen","A12","AGTCTTGG","H1","ATACGACC","x","x","10.11.2019","x","10.3.2019",NA,NA,12.3,NA,1.068750295,6,2210,NA,0.750158153,6,"bumble48","Y","Y","-","-","Y","-","-","Y","N","N","","C.bombi","none","Cbombi",NA,"N","Y","bumble48",TRUE,"Y","N","Y","Trypansome"
"57","bumble49",57,65,47,49,"GMU","7.16.2018","Bombusfervidus","Worker","A1","AACAACCG","A12","AACCTCCT","x","x","10.11.2019","x","10.3.2019",NA,NA,22.8,NA,4.144334809,9,2198,NA,0.727372634,6,"bumble49","Y","Y","-","-","Y","-","-","Y","N","N","","C.bombi","none","Cbombi",NA,"N","Y","bumble49",TRUE,"Y","N","Y","Trypansome"
"58","bumble50",58,67,48,50,"GMU","7.16.2018","Bombusimpatiens","Worker","B1","GGTTGGTA","A11","GGTTGTCA","x","x","10.11.2019","x","10.3.2019",NA,NA,12.1,NA,1.726402409,12,1864,NA,1.516190292,11,"bumble50","Y","Y","-","-","Y","-","-","Y","N","N","","-","none","none",NA,"N","Y","bumble50",TRUE,"N","N","N","None"
"59","bumble51",59,68,49,51,"GMU","7.16.2018","Bombusgriseocollis","Male","C1","AACAGCGA","A10","TGGCACTA","x","x","10.11.2019","x","10.3.2019",NA,NA,19,NA,3.134634235,7,3254,NA,0.702399932,9,"bumble51","Y","Y","-","-","Y","-","-","Y","N","N","","C.bombi","none","Cbombi",NA,"N","Y","bumble51",TRUE,"Y","N","Y","Trypansome"
"60","bumble52",60,69,50,52,"S.B.","8.7.2018","Bombusgriseocollis",NA,"D1","GGTTAGCT","A9","AGTCGCTT","x","x","10.11.2019","x","10.3.2019",NA,NA,13,NA,1.537548377,9,2709,NA,0.847670482,7,"bumble52","Y","Y","Y","-","Y","Y","-","Y","N","N","","N.bombi_C.bombi","Nbombi","Cbombi",NA,"Y","Y","bumble52",TRUE,"Y","Y","Y","Multi"
"61","bumble53",61,70,51,53,"S.B.","8.7.2018","Bombusgriseocollis",NA,"E1","AACAGTCC","A8","GTATTGGC","x","x","10.11.2019","x","10.3.2019",NA,NA,12.8,NA,0.640561706,3,3118,NA,0.53031433,3,"bumble53","Y","Y","Y","-","Y","Y","-","Y","N","N","","N.bombi_C.bombi","Nbombi","Cbombi",NA,"Y","Y","bumble53",TRUE,"Y","Y","Y","Multi"
"62","bumble54",62,71,52,54,"S.B.","8.7.2018","Bombusgriseocollis",NA,"F1","TTGGACTG","A7","TATTCGCC","x","x","10.11.2019","x","10.3.2019",NA,NA,14,NA,0.597953526,4,1800,NA,1.161104818,7,"bumble54","Y","Y","-","-","-","-","-","Y","N","Y","crithidia","-","none","none",NA,"N","Y","bumble54",TRUE,"N","N","N","None"
"63","bumble55",63,72,53,55,"C.I. ","7.18.2018","Bombusimpatiens","Male","G1","AACTGAGG","A6","TATCGGTC","x","x","10.11.2019","x","10.4.2019",NA,NA,12.2,NA,1.708703863,12,2595,NA,1.516731076,12,"bumble55","Y","Y","-","-","-","-","-","Y","N","Y","crithidia","-","none","none",NA,"N","Y","bumble55",TRUE,"N","N","N","None"
"64","bumble6",64,73,6,6,"C.I. ","7.18.2018","Bombusgriseocollis","Male","F1","TTGGACTG","A6","TATCGGTC","x","x","10.11.2019","x","9.24.19",NA,NA,6.72,NA,0.868993267,4,1386,NA,0.868993267,4,"bumble6","Y","Y","-","-","-","-","-","-","N","N","","-","none","none",NA,"N","N","bumble6",TRUE,"N","N","N","None"
"65","bumble7",65,74,7,7,"C.I. ","7.18.2018","Bombusgriseocollis","Male","G1","AACTGAGG","A7","TATTCGCC","x","x","10.11.2019","x","9.24.19",NA,NA,4.14,NA,1.00953896,6,1567,NA,1.352351657,7,"bumble7","Y","Y","Y","-","-","Y","-","Y","N","Y","crithidia","N.bombi_failedcrit","Nbombi","none",NA,"Y","Y","bumble7",TRUE,"Y","Y","N","Nosema"
"66","bumble9",66,76,9,9,"C.I. ","7.18.2018","Bombusimpatiens","Worker","A8","AGATCGTC","A9","AGTCGCTT","x","x","10.11.2019","x","10.3.2019",NA,NA,48.8,NA,1.009646413,9,1536,NA,1.103725619,10,"bumble9","Y","Y","-","-","Y","-","-","Y","N","N","","C.bombi","none","Cbombi",NA,"N","Y","bumble9",TRUE,"Y","N","Y","Trypansome"
"67","honey100",67,77,98,100,"PEC","6.16.2019","Apismellifera","Worker","H12","TACATCGG","A4","TCGGTTAC","x","x","10.18.2019","q","10.4.2019",NA,NA,5.1,NA,1.300330115,17,763,NA,1.30033011,17,"honey100","Y","Y","-","-","-","-","-","-","N","N","","","none","none",NA,"N","N","honey100",TRUE,"N","N","N","None"
"68","honey101",68,78,99,101,"PEC","6.16.2019","Apismellifera","Worker","A12","AGTCTTGG","A5","AAGTCGAG","x","x","10.18.2019","q","10.4.2019",NA,NA,3.38,NA,1.374671092,15,1290,NA,1.235631838,15,"honey101","Y","Y","Y","-","-","Y","-","Y","N","Y","crithidia","-","none","none",NA,"Y","Y","honey101",TRUE,"N","N","N","None"
"69","honey102",69,79,100,102,"PEC","6.16.2019","Apismellifera","Worker","B12","GAATCACC","A6","TATCGGTC","x","x","10.18.2019","q","10.4.2019",NA,NA,3.06,NA,1.117256451,5,1035,NA,1.117256451,5,"honey102","Y","Y","Y","-","-","-","-","Y","N","Y","no_nosema/_yes_crit","-","none","none",NA,"N","Y","honey102",TRUE,"N","N","N","None"
"70","honey108",70,82,104,108,"B.F.","6.16.2019","Apismellifera","Worker","H8","GAGTAGAG","A12","AACCTCCT","x","x","10.18.2019","q","10.10.2019",NA,NA,2.78,NA,1.072876225,6,167,NA,0.953352403,11,"honey108","Y","Y","Y","-","-","Y","-","-","N","N","","N.cerenae","Ncerenae","none",NA,"Y","N","honey108",TRUE,"Y","Y","N","Nosema"
"71","honey109",71,83,105,109,"B.F.","6.16.2019","Apismellifera","Worker","A8","AGATCGTC","H1","ATACGACC","x","x","10.18.2019","q","10.10.2019",NA,NA,2.54,NA,1.465785833,13,1269,NA,0.775449545,10,"honey109","Y","Y","Y","-","Y","Y","-","Y","N","N","","-","none","none",NA,"Y","Y","honey109",TRUE,"N","N","N","None"
"72","honey135",72,84,126,135,"C.I. ","6.17.2019","Apismellifera","Worker","C8","AGATTGCG","H10","GGACTGTT","x","x","10.18.2019","x","10.10.2019",NA,NA,2.68,NA,1.017010762,11,1641,NA,1.017010762,11,"honey135","Y","Y","-","-","Y","-","Y","Y","N","N","","C.bombi","none","Cbombi",NA,"N","Y","honey135",TRUE,"Y","N","Y","Trypansome"
"73","honey56",73,85,54,56,"C.I. ","8.6.2018","Apismellifera","Worker","H1","TGGAAGCA","A5","AAGTCGAG","x","x","10.11.2019","x","10.4.2019",NA,NA,8.24,NA,1.140931855,13,2185,NA,1.140931855,13,"honey56","Y","Y","-","-","-","-","-","-","N","N","","","none","none",NA,"N","N","honey56",TRUE,"N","N","N","None"
"74","honey57",74,86,55,57,"C.I. ","8.6.2018","Apismellifera","Worker","A8","AGATCGTC","A4","TCGGTTAC","x","x","10.11.2019","x","10.4.2019",NA,NA,14.9,NA,1.620755436,15,927,NA,1.620755436,15,"honey57","Y","Y","-","-","Y","-","-","Y","N","N","","L.passim","none","Lpassim",NA,"N","Y","honey57",TRUE,"Y","N","Y","Trypansome"
"75","honey58",75,87,56,58,"C.I. ","8.6.2018","Apismellifera","Worker","B8","GATCTCAG","A3","CATTCGGT","x","x","10.11.2019","x","10.4.2019",NA,NA,12.5,NA,1.097851248,8,738,NA,1.138675482,9,"honey58","Y","Y","-","-","-","-","-","-","N","N","","","none","none",NA,"N","N","honey58",TRUE,"N","N","N","None"
"76","honey59",76,88,57,59,"C.I. ","8.6.2018","Apismellifera","Worker","C8","AGATTGCG","A2","CGAACTGT","x","x","10.11.2019","x","10.4.2019",NA,NA,28.4,NA,1.107599323,11,1591,NA,1.183724252,12,"honey59","Y","Y","-","-","-","-","-","-","N","N","","","none","none",NA,"N","N","honey59",TRUE,"N","N","N","None"
"77","honey60",77,89,58,60,"C.I. ","8.6.2018","Apismellifera","Worker","D8","GAGCAATC","A1","CTCGTCTT","x","x","10.11.2019","x","10.4.2019",NA,NA,13.1,NA,1.843234546,21,1124,NA,1.634756972,22,"honey60","Y","Y","-","-","-","-","-","Y","N","Y","crithidia","-","none","none",NA,"N","Y","honey60",TRUE,"N","N","N","None"
"78","honey61",78,90,59,61,"C.I. ","8.6.2018","Apismellifera","Worker","E8","AGCCGTAA","H12","ATTGCGTG","x","x","10.11.2019","x","10.4.2019",NA,NA,10.3,NA,1.241673098,9,755,NA,1.628232824,14,"honey61","Y","Y","-","-","-","-","-","Y","N","N","-","","none","none",NA,"N","N","honey61",TRUE,"N","N","N","None"
"79","honey62",79,91,60,62,"C.I. ","8.6.2018","Apismellifera","Worker","F8","GAGGCATT","H11","CTTAGTGG","x","x","10.11.2019","x","10.4.2019",NA,NA,10.3,NA,1.720854266,17,1447,NA,1.720854266,17,"honey62","Y","Y","-","-","Y","-","-","Y","N","N","","C.mellificae","none","Cmellificae",NA,"N","Y","honey62",TRUE,"Y","N","Y","Trypansome"
"80","honey63",80,92,61,63,"C.I. ","8.6.2018","Apismellifera","Worker","G8","AGCCTATC","H10","GGACTGTT","x","x","10.11.2019","x","10.4.2019",NA,NA,12.3,NA,1.585168644,15,942,NA,1.592899737,16,"honey63","Y","Y","-","-","Y","-","-","Y","N","N","","L.passim","none","Lpassim",NA,"N","Y","honey63",TRUE,"Y","N","Y","Trypansome"
"81","honey64",81,93,62,64,"C.I. ","8.6.2018","Apismellifera","Worker","H8","GAGTAGAG","H9","CAGTCTTC","x","x","10.11.2019","x","10.4.2019",NA,NA,13.6,NA,1.543281601,17,1862,NA,1.475598965,16,"honey64","Y","Y","-","-","-","-","-","Y","N","Y","crithidia","-","none","none",NA,"N","Y","honey64",TRUE,"N","N","N","None"
"82","honey65",82,94,63,65,"C.I. ","8.6.2018","Apismellifera","Worker","A12","AGTCTTGG","H8","CAACACCT","x","x","10.11.2019","x","10.4.2019",NA,NA,14.6,NA,1.468423407,15,1559,NA,1.159958815,15,"honey65","Y","Y","-","-","-","-","-","Y","N","N","-","","none","none",NA,"N","N","honey65",TRUE,"N","N","N","None"
"83","honey66",83,95,64,66,"C.I. ","8.6.2018","Apismellifera","Worker","B12","GAATCACC","H7","GAGTCTCT","x","x","10.11.2019","x","10.4.2019",NA,NA,13.8,NA,1.523152869,16,2183,NA,1.335477829,14,"honey66","Y","Y","-","-","-","-","-","-","N","N","","","none","none",NA,"N","N","honey66",TRUE,"N","N","N","None"
"84","honey67",84,96,65,67,"St.Benedicts","7.19.2018","Apismellifera","Worker","C12","AGTGACCT","H6","ACTCTCGA","x","x","10.11.2019","x","10.4.2019",NA,NA,32.4,NA,0.933141538,10,1345,NA,0.941652134,11,"honey67","Y","Y","-","-","Y","-","-","Y","N","N","","","none","none",NA,"N","Y","honey67",TRUE,"N","N","N","None"
"85","honey68",85,97,66,68,"St.Benedicts","7.19.2018","Apismellifera","Worker","D12","TCCATTGC","H5","GATGTGTG","x","x","10.11.2019","x","10.4.2019",NA,NA,3.98,NA,1.231151141,16,1536,NA,1.197515074,16,"honey68","Y","Y","Y","-","-","Y","-","Y","Y","Y","Nosema/crit","N.cerenae_crapcrit","Ncerenae","none",NA,"Y","Y","honey68",TRUE,"Y","Y","N","Nosema"
"86","honey70",86,99,68,70,"St.Benedicts","7.19.2018","Apismellifera","Worker","F12","GCAATGAG","H3","TTGCAGAC","x","x","10.11.2019","x","10.4.2019",NA,NA,10.8,NA,0.98604662,10,1393,NA,1.024836988,11,"honey70","Y","Y","-","-","-","-","-","-","N","N","","","none","none",NA,"N","N","honey70",TRUE,"N","N","N","None"
"87","honey71",87,100,69,71,"St.Benedicts","7.19.2018","Apismellifera","Worker","G12","AGTTCGCA","H2","TTCCAAGG","x","x","10.11.2019","x","10.4.2019",NA,NA,6.62,NA,1.294217586,11,1794,NA,1.014348144,10,"honey71","Y","Y","Y","-","Y","Y","-","Y","N","N","","N.cerenae_lotmariapassim","Ncerenae","Lpassim",NA,"Y","Y","honey71",TRUE,"Y","Y","Y","Multi"
"88","honey72",88,101,70,72,"St.Benedicts","7.19.2018","Apismellifera","Worker","H12","TACATCGG","H1","ATACGACC","x","x","10.11.2019","x","10.4.2019",NA,NA,12.7,NA,0.761631524,8,1329,NA,0.840110764,9,"honey72","Y","Y","Y","-","-","Y","-","Y","N","Y","crithidia","N.cerenae_crapcrit","Ncerenae","none",NA,"Y","Y","honey72",TRUE,"Y","Y","N","Nosema"
"89","honey73",89,102,71,73,"St.Benedicts","7.19.2018","Apismellifera","Worker","H1","TGGAAGCA","A1","CTCGTCTT","x","x","10.11.2019","x","10.4.2019",NA,NA,13.4,NA,1.306681856,12,1141,NA,1.404659898,17,"honey73","Y","Y","Y","-","-","Y","-","-","N","N","","N.cerenae","Ncerenae","none",NA,"Y","N","honey73",TRUE,"Y","Y","N","Nosema"
"90","honey74",90,103,72,74,"St.Benedicts","7.19.2018","Apismellifera","Worker","G1","AACTGAGG","A2","CGAACTGT","x","x","10.11.2019","x","10.4.2019",NA,NA,9.18,NA,1.025400574,12,1045,NA,1.071381082,13,"honey74","Y","Y","-","-","Y","-","-","Y","N","Y","crithidia","-","none","none",NA,"N","Y","honey74",TRUE,"N","N","N","None"
"91","honey75",91,104,73,75,"St.Benedicts","7.19.2018","Apismellifera","Worker","F1","TTGGACTG","A3","CATTCGGT","x","x","10.11.2019","x","10.4.2019",NA,NA,8.4,NA,1.160574795,17,1552,NA,1.160574795,17,"honey75","Y","Y","-","-","-","-","-","Y","N","Y","crithidia","-","none","none",NA,"N","Y","honey75",TRUE,"N","N","N","None"
"92","honey76",92,105,74,76,"St.Benedicts","7.19.2018","Apismellifera","Worker","E1","AACAGTCC","A4","TCGGTTAC","x","x","10.11.2019","x","10.4.2019",NA,NA,5.3,NA,1.013530116,12,1011,NA,1.005684536,11,"honey76","Y","Y","Y","-","Y","Y","-","Y","N","N","","L.passim","none","Lpassim",NA,"Y","Y","honey76",TRUE,"Y","N","Y","Trypansome"
"93","honey77",93,106,75,77,"St.Benedicts","7.19.2018","Apismellifera","Worker","D1","GGTTAGCT","A5","AAGTCGAG","x","x","10.11.2019","x","10.4.2019",NA,NA,4.7,NA,1.008965845,13,785,NA,1.011548672,14,"honey77","Y","Y","Y","-","Y","Y","-","Y","N","N","","N.cerenae_lotmariapassim","Ncerenae","Lpassim",NA,"Y","Y","honey77",TRUE,"Y","Y","Y","Multi"
"94","honey78",94,107,76,78,"St.Benedicts","7.19.2018","Apismellifera","Worker","C1","AACAGCGA","A6","TATCGGTC","x","x","10.11.2019","x","10.4.2019",NA,NA,4.2,NA,1.027501036,11,807,NA,1.066289386,12,"honey78","Y","Y","Y","-","Y","Y","-","Y","N","N","","N.cerenae_lotmariapassim","Ncerenae","Lpassim",NA,"Y","Y","honey78",TRUE,"Y","Y","Y","Multi"
"95","honey79",95,108,77,79,"St.Benedicts","7.19.2018","Apismellifera","Worker","B1","GGTTGGTA","A7","TATTCGCC","x","x","10.11.2019","x","10.4.2019",NA,NA,4.96,NA,1.015295089,7,1084,NA,1.015295089,7,"honey79","Y","Y","Y","-","-","Y","-","-","N","N","","N.cerenae","Ncerenae","none",NA,"Y","N","honey79",TRUE,"Y","Y","N","Nosema"
"96","honey80",96,109,78,80,"St.Benedicts","7.19.2018","Apismellifera","Worker","A1","AACAACCG","A8","GTATTGGC","x","x","10.11.2019","x","10.4.2019",NA,NA,10.1,NA,1.148109942,10,767,NA,1.187513898,11,"honey80","Y","Y","Y","-","Y","Y","-","Y","N","N","","N.cerenae_lotmariapassim","Ncerenae","Lpassim",NA,"Y","Y","honey80",TRUE,"Y","Y","Y","Multi"
"97","honey81",97,110,79,81,"St.Benedicts","7.19.2018","Apismellifera","Worker","H8","GAGTAGAG","A9","AGTCGCTT","x","x","10.11.2019","x","10.11.2019",NA,NA,7.28,NA,1.235331342,13,1704,NA,1.237915647,14,"honey81","Y","Y","Y","-","Y","Y","-","Y","N","N","","N.cerenae_lotmariapassim","Ncerenae","Lpassim",NA,"Y","Y","honey81",TRUE,"Y","Y","Y","Multi"
"98","honey82",98,111,80,82,"St.Benedicts","7.19.2018","Apismellifera","Worker","G8","AGCCTATC","A10","TGGCACTA","x","x","10.11.2019","x","10.4.2019",NA,NA,5.2,NA,1.495777335,11,1068,NA,1.294332062,10,"honey82","Y","Y","Y","-","Y","Y","-","Y","N","N","","N.cerenae_lotmariapassim","Ncerenae","Lpassim",NA,"Y","Y","honey82",TRUE,"Y","Y","Y","Multi"
"99","honey83",99,112,81,83,"St.Benedicts","7.19.2018","Apismellifera","Worker","F8","GAGGCATT","A11","GGTTGTCA","x","x","10.11.2019","x","10.4.2019",NA,NA,4.16,NA,1.164386335,12,1041,NA,1.208284417,13,"honey83","Y","Y","Y","-","Y","Y","-","Y","N","N","","N.cerenae_C.bombi","Ncerenae","Cbombi",NA,"Y","Y","honey83",TRUE,"Y","Y","Y","Multi"
"100","honey84",100,113,82,84,"St.Benedicts","7.19.2018","Apismellifera","Worker","E8","AGCCGTAA","A12","AACCTCCT","x","x","10.11.2019","x","10.4.2019",NA,NA,5.4,NA,1.119834217,11,609,NA,1.1437952,12,"honey84","Y","Y","-","-","Y","-","-","Y","N","N","","L.passim","none","Lpassim",NA,"N","Y","honey84",TRUE,"Y","N","Y","Trypansome"
"101","honey85",101,114,83,85,"S.B.","8.7.2018","Apismellifera","Worker","D8","GAGCAATC","H1","ATACGACC","x","x","10.11.2019","x","10.4.2019",NA,NA,9.14,NA,1.508083621,15,1264,NA,1.508083621,15,"honey85","Y","Y","-","-","-","-","-","Y","N","Y","crithidia","-","none","none",NA,"N","Y","honey85",TRUE,"N","N","N","None"
"102","honey86",102,115,84,86,"S.B.","8.7.2018","Apismellifera","Worker","C8","AGATTGCG","H2","TTCCAAGG","x","x","10.11.2019","x","10.4.2019",NA,NA,10.1,NA,1.510596962,12,1564,NA,1.483417798,14,"honey86","Y","Y","-","Y","Y","-","Y","-","N","Y","crithidia","L.passim_nosequenceWolb","none","Lpassim",NA,"N","Y","honey86",TRUE,"Y","N","Y","Trypansome"
"103","honey87",103,116,85,87,"S.B.","8.7.2018","Apismellifera","Worker","B8","GATCTCAG","H3","TTGCAGAC","x","x","10.11.2019","x","10.4.2019",NA,NA,6.72,NA,1.126399686,12,849,NA,1.126399686,12,"honey87","Y","Y","-","-","Y","-","-","Y","N","N","","L.passim","none","Lpassim",NA,"N","Y","honey87",TRUE,"Y","N","Y","Trypansome"
"104","honey88",104,117,86,88,"S.B.","8.7.2018","Apismellifera","Worker","A8","AGATCGTC","H4","TGCCATTC","x","x","10.11.2019","x","10.4.2019",NA,NA,10.5,NA,0.652024764,7,1992,NA,0.652024764,7,"honey88","Y","Y","-","-","Y","-","-","Y","N","N","","L.passim","none","Lpassim",NA,"N","Y","honey88",TRUE,"Y","N","Y","Trypansome"
"105","honey89",105,118,87,89,"S.B.","8.7.2018","Apismellifera","Worker","H12","TACATCGG","H5","GATGTGTG","x","x","10.11.2019","x","10.4.2019",NA,NA,10.2,NA,1.01784767,12,708,NA,1.063040049,15,"honey89","Y","Y","-","-","-","-","-","-","N","N","","","none","none",NA,"N","N","honey89",TRUE,"N","N","N","None"
"106","honey90",106,119,88,90,"S.B.","8.7.2018","Apismellifera","Worker","G12","AGTTCGCA","H6","ACTCTCGA","x","x","10.11.2019","x","10.4.2019",NA,NA,10.2,NA,1.114734893,10,1188,NA,1.114734893,10,"honey90","Y","Y","-","Y","-","-","Y","-","N","N","","","none","none",NA,"N","N","honey90",TRUE,"N","N","N","None"
"107","honey91",107,120,89,91,"S.B.","8.7.2018","Apismellifera","Worker","F12","GCAATGAG","H7","GAGTCTCT","x","x","10.11.2019","x","10.11.2019",NA,NA,6.76,NA,1.338464635,16,1663,NA,1.338464635,16,"honey91","Y","Y","-","Y","-","-","-","-","N","N","","","none","none",NA,"N","N","honey91",TRUE,"N","N","N","None"
"108","honey92",108,121,90,92,"S.B.","8.7.2018","Apismellifera","Worker","E12","AGTGCATC","H8","CAACACCT","x","x","10.11.2019","x","10.4.2019",NA,NA,10,NA,1.335793363,20,1866,NA,1.519537691,20,"honey92","Y","Y","-","-","Y","-","-","Y","N","N","","-","none","none",NA,"N","Y","honey92",TRUE,"N","N","N","None"
"109","honey93",109,122,91,93,"S.B.","8.7.2018","Apismellifera","Worker","D12","TCCATTGC","H9","CAGTCTTC","x","x","10.11.2019","x","10.4.2019",NA,NA,7.4,NA,1.463400599,19,2282,NA,1.465164793,19,"honey93","Y","Y","-","-","Y","-","-","Y","N","N","","","none","none",NA,"N","Y","honey93",TRUE,"N","N","N","None"
"110","honey94",110,123,92,94,"PEC","6.16.2019","Apismellifera","Worker","C12","AGTGACCT","H10","GGACTGTT","x","x","10.11.2019","x","10.4.2019",NA,NA,8.28,NA,1.127611213,16,1392,NA,1.127611213,16,"honey94","Y","Y","-","-","-","-","-","Y","N","Y","crithidia","wildplant","none","none",NA,"N","Y","honey94",TRUE,"N","N","N","None"
"111","honey95",111,124,93,95,"PEC","6.16.2019","Apismellifera","Worker","B12","GAATCACC","H11","CTTAGTGG","x","x","10.18.2019","x","10.4.2019",NA,NA,9.26,NA,1.15127221,12,1032,NA,1.15127221,12,"honey95","Y","Y","-","-","-","-","-","Y","N","Y","crithidia","-","none","none",NA,"N","Y","honey95",TRUE,"N","N","N","None"
"112","honey96",112,125,94,96,"PEC","6.16.2019","Apismellifera","Worker","A12","AGTCTTGG","H12","ATTGCGTG","x","x","10.18.2019","x","10.4.2019",NA,NA,9.64,NA,1.194157843,15,1267,NA,1.1993333,16,"honey96","Y","Y","Y","-","-","-","-","Y","N","Y","no_nosema/yes_crit","-","none","none",NA,"N","Y","honey96",TRUE,"N","N","N","None"
"113","honey97",113,126,95,97,"PEC","6.16.2019","Apismellifera","Worker","E12","AGTGCATC","A1","CTCGTCTT","x","x","10.18.2019","q","10.4.2019",NA,NA,2.02,NA,1.297577507,8,525,NA,1.315956572,9,"honey97","Y","Y","-","-","Y","-","-","Y","N","N","","-","none","none",NA,"N","Y","honey97",TRUE,"N","N","N","None"
"114","honey98",114,127,96,98,"PEC","6.16.2019","Apismellifera","Worker","F12","GCAATGAG","A2","CGAACTGT","x","x","10.18.2019","q","10.4.2019",NA,NA,2.72,NA,1.03983766,9,1131,NA,1.1874994,11,"honey98","Y","Y","-","-","Y","-","-","Y","N","N","","L.scantii","none","Lscantii",NA,"N","Y","honey98",TRUE,"Y","N","Y","Trypansome"
"115","honey99",115,128,97,99,"PEC","6.16.2019","Apismellifera","Worker","G12","AGTTCGCA","A3","CATTCGGT","x","x","10.18.2019","q","10.4.2019",NA,NA,3.54,NA,1.01628074,13,1232,NA,1.01628074,13,"honey99","Y","Y","-","-","-","-","-","Y","N","Y","crithidia","-","none","none",NA,"N","Y","honey99",TRUE,"N","N","N","None"
